Feature,Importance
V14,0.42486894
V10,0.14721741
V4,0.04107481
V8,0.031405076
V20,0.021502618
DayOfWeek,0.020853747
V27,0.020055672
V21,0.019757265
V17,0.019351637
V12,0.016876936
V13,0.016201304
V7,0.015275085
V19,0.014034906
V28,0.013709812
Amount_MA,0.013458175
Hour,0.013333566
Log_Amount,0.013043674
V23,0.013041394
V15,0.012980062
V18,0.012915426
V26,0.01090184
V22,0.010817073
V3,0.008608368
Amount_STD,0.008214757
V6,0.008010161
V16,0.007764364
V25,0.0076774275
V2,0.0068879887
V9,0.0068279193
Amount_Dev,0.006609668
V11,0.0063461564
V5,0.005021176
V1,0.003359051
V24,0.0019964823
IsNight,0.0
